Kanji,Reading,Meaning,Japanese Example,English Example
踏む,ふむ,"to step on, to tread on",犬が庭に足跡を踏んだ。,The dog stepped on the ground in the yard.
～区,～く,"~ district, ~ ward, ~ borough",彼は新宿区に住んでいます。,He lives in Shinjuku Ward.
すっと,すっと,"straight, quickly",彼女はすっと立ち上がった。,She quickly stood up.
盗む,ぬすむ,to steal; to rob,泥棒が家からお金を盗んだ。,The thief stole money from the house.
大抵,たいてい,"generally, usually",私は大抵朝食を食べません。,I usually don't eat breakfast.
とうとう,とうとう,"finally, at last",彼はとうとう目標を達成した。,He finally achieved his goal.
ガソリン,ガソリン,"gasoline, petrol",車がガソリンスタンドで給油した。,The car refueled at the gas station.
鳴る,なる,"to sound, to ring (v.i.)",電話が鳴っている。,The phone is ringing.
しっかり,しっかり,"firmly, steady",彼はしっかりと約束を守る。,He firmly keeps his promises.
生きる,いきる,to live,彼女はポジティブに生きる。,She lives positively.
苦い,にがい,bitter,コーヒーは苦い味がする。,Coffee has a bitter taste.
沸く,わく,"to boil, to grow hot",鍋の中で湯が沸いている。,The water in the pot is boiling.
意見,いけん,"opinion, view, idea",意見を述べることは大切だ。,Expressing opinions is important.
やはり; やっぱり,やはり; やっぱり,"as I thought, absolutely",彼はやっぱりその映画が好きだ。,"As I thought, he likes that movie."
漫画,まんが,"comic (book), cartoon",週末に漫画を読むのが好きだ。,I like reading comics on the weekend.
ステレオ,ステレオ,stereo,ステレオシステムで音楽を聴く。,Listen to music on a stereo system.
医学,いがく,medical science,彼は医学を学ぶことが目標だ。,Studying medicine is his goal.
テキスト,テキスト,text; text book,新しいテキストブックを手に入れた。,I got a new textbook.
～月,～つき,month,4月は日本で桜が咲く季節だ。,April is the season when cherry blossoms bloom in Japan.
折る,おる,"to snap, to break; to bend",紙を折って折り鶴を作る。,Fold the paper to make an origami crane.
～会,～かい,~ meeting,毎週月曜に部活動の会議がある。,There is a club meeting every Monday.
うかがう,うかがう,to ask,彼に用事があるのでお宅にうかがいます。,"I have some business with him, so I will visit your home."
聞こえる,きこえる,"to be heard, to be audible",遠くから汽車の笛の音が聞こえる。,You can hear the sound of the train whistle from a distance.
僕,ぼく,I (used by men towards those of equal or lower status),僕は彼の意見に同意しました。,I agreed with his opinion.
必ず,かならず,"surely, certainly",試験には必ず準備をするべきだ。,You should always prepare for exams.
壊す,こわす,"to break, to break down",彼は友情を壊すことになった。,He ended up ruining the friendship.
怒る,おこる,to get angry; to scold angrily,父は怒って息子を叱った。,The father got angry and scolded his son.
床屋,とこや,barber's (shop),彼は床屋で髪を切った。,He got his hair cut at the barber.
オートバイ,オートバイ,motorcycle (lit: auto-bi(ke)),彼はオートバイで通勤している。,He commutes to work by motorcycle.
運動,うんどうする,exercise,毎日運動することは健康に良い。,Exercising every day is good for your health.
止む,やむ,"to cease, to stop",雨がやんで外に出かけられるよ。,"The rain has stopped, so we can go out."
もし,もし,if,もし問題があるなら言ってね。,"If there is a problem, please let me know."
表,おもて,surface; front; outside,その表には名前と日付が書いてある。,The name and date are written on that form.
大学生,だいがくせい,"college student, university student",友達は大学生で忙しい。,My friend is a college student and very busy.
運転手,うんてんしゅ,driver (by occupation),彼は運転手として働いている。,He works as a driver.
予習,よしゅう,preparation of lessons (for class),明日の授業のために予習をしました。,I did preparation for tomorrow's class.
心配,しんぱいする,"worry, concern",友達が怪我をしたので心配だ。,I am worried because my friend got injured.
別,べつ,"distinction, different",再来週の予定は別の日に変更する。,We will change next week's schedule to a different day.
非常に,ひじょうに,extremely; very,彼は非常に速いランナーだ。,He is an extremely fast runner.
お宅,おたく,(someone else's) house; home -- polite word for 家 (いえ) --,お宅には何時にお伺いしてもよろしいでしょうか。,May I visit your house at any time?
柔らかい,やわらかい,"soft (in reference to texture), tender",この布は柔らかいです。,This fabric is soft.
拾う,ひろう,"to pick up (something), to find",公園で綺麗な花を拾いました。,I picked up beautiful flowers at the park.
～ございます,～ございます,"to be (polite), to exist",図書館に多くの本がございます。,There are many books in the library.
気,き,"spirit, mood",彼の気が落ち着いている。,His mood is calm.
比べる,くらべる,to compare,この二つを比べて、どちらが大きいですか。,"Comparing these two, which one is bigger?"
ほとんど,ほとんど,"mostly, almost",ほとんどの仕事は終わりました。,Most of the work is done.
つもり,つもり,"intention, plan",彼は明日お祭りに行くつもりです。,He intends to go to the festival tomorrow.
郊外,こうがい,"suburb, outskirts",彼女は郊外に住んでいます。,She lives in the suburbs.
だめ,だめ,"useless, no good, hopeless",この計画はだめです。,This plan is no good.
売り場,うりば,place where things are sold,売り場で果物を買いました。,I bought fruit at the selling area.
正月,しょうがつ,"New Year, New Year's Day",正月に家族と一緒に過ごす。,Spend New Year's Day with family.
規則,きそく,"rule, regulation",この学校には厳しい規則があります。,This school has strict rules.
うん,うん,"yes (informal), all right (ok)",うん、そう思います。,"Yes, I think so."
発音,はつおん,pronunciation,日本語の発音を練習する。,Practice Japanese pronunciation.
焼く,やく,"to bake, to grill",パンを焼くのにオーブンを使います。,Use the oven to bake bread.
屋上,おくじょう,rooftop,ビルの屋上からの景色が素晴らしい。,The view from the rooftop of the building is wonderful.
失礼,しつれい,"discourtesy, impoliteness; Excuse me",失礼しました、お名前を教えていただけますか。,"Excuse me, may I ask for your name."
ごみ,ごみ,"trash, garbage",ごみはきちんと分別して捨てましょう。,Let's separate and dispose of garbage properly.
アフリカ,アフリカ,Africa,夏休みにアフリカへ旅行したいです。,I want to travel to Africa during summer vacation.
点,てん,"mark, score, grade; point, dot",テストの点数がとても良かった。,The test score was very good.
一生懸命,いっしょうけんめい,"very hard (as in ""to work hard""), with utmost effort",彼は一生懸命働いています。,He is working very hard.
今度,こんど,"now, this time, near future, one of these days, next time",今度の日曜日に会いましょう。,Let's meet this coming Sunday.
機会,きかい,"chance, opportunity",良い機会を逃さないようにしよう。,Let's not miss a good opportunity.
建てる,たてる,to build,新しい家を建てる計画が進んでいる。,The plan to build a new house is progressing.
複雑,ふくざつ,"complexity, complication",この問題は少し複雑です。,This problem is a bit complex.
彼,かれ,"he, boyfriend",彼はとても優しい人です。,He is a very kind person.
いらっしゃる,いらっしゃる,"-- honorific expression for いく, くる, and いる --",今晩、お父さんもいらっしゃいますか。,Will your father be coming tonight as well?
布団,ふとん,futon,冬には布団が必要です。,Futons are necessary in winter.
大事,だいじ,"important, valuable, serious matter",友達との時間は大事です。,Time with friends is important.
贈り物,おくりもの,a gift; a present,誕生日の贈り物を選ぶのは楽しいです。,Choosing a birthday present is fun.
泥棒,どろぼう,thief; burglar,家に泥棒が入った。,A thief entered the house.
～製,～せい,made in ~,日本製の製品は品質が良い。,Japanese-made products have good quality.
注意,ちゅうい,"caution, attention",注意書きをよく読んでから使ってください。,Please read the instructions carefully before using.
台風,たいふう,typhoon,台風の接近に注意が必要です。,We need to be careful of the approaching typhoon.
日,ひ,"sun, sunshine, day",毎日、新聞を読むのが習慣です。,Reading the newspaper every day is a habit.
～軒,～けん,counter for houses,町には家が多いです。数百軒あります。,There are many houses in the town. There are hundreds of them.
そう,そう,"really, (is that) so; yes, right",彼はそう言いました。,He said that.
通る,とおる,"to pass (by), to go through",ここを右に曲がると学校に通ります。,Turn right here to go to the school.
過ぎる,すぎる,"to exceed, to go beyond",電車が過ぎるのを見てから出かけましょう。,Let's leave after watching the train pass by.
レポート; リポート,レポート; リポート,report,明日、レポートを提出しなければなりません。,I have to submit the report tomorrow.
葉,は,leaf,この葉っぱはきれいですね。,This leaf is beautiful.
必要,ひつよう,necessary,その情報はとても必要です。,That information is very necessary.
課長,かちょう,section manager,彼は私たちの課長です。,He is our section manager.
地震,じしん,earthquake,昨日の地震は大きかったです。,Yesterday's earthquake was big.
すると,すると,"and, then",彼は振り返って挨拶しますと…,And then he turns around and greets us.
止める,やめる,"to end, to stop",その音楽を止めてください。,Please stop that music.
ガラス,ガラス,"glass, pane",テーブルの上にガラスがあります。,There is a glass on the table.
～学部,～がくぶ,department of a university,私は経済学部に所属しています。,I belong to the department of economics.
厳しい,きびしい,hard; rigorous; strict,その先生はとても厳しいです。,That teacher is very strict.
エスカレーター,エスカレーター,escalator,地下鉄にはエスカレーターがある。,There are escalators in the subway.
人口,じんこう,population,この町の人口は増加しています。,The population of this town is increasing.
月,つき,moon,夜空には満月が輝いている。,The full moon is shining in the night sky.
絹,きぬ,silk,絹の布はとても柔らかいです。,Silk cloth is very soft.
ちっとも,ちっとも,not at all (neg. verb),試験の結果はちっともよくなかった。,The exam results were not at all good.
深い,ふかい,"deep, profound",その湖はとても深いです。,That lake is very deep.
壊れる,こわれる,"to be broken, to break",彼の携帯電話が壊れました。,His cell phone broke.
揺れる,ゆれる,"to shake, to sway",木の枝が風で揺れている。,The tree branches are swaying in the wind.
落る,おちる,"to fall, to drop",リンゴが木から落ちました。,The apple fell from the tree.
できるだけ,できるだけ,"if at all possible, as much as possible",できるだけ早く教えてください。,Please tell me as soon as possible.
悲しい,かなしい,"sad, sorrowful",彼女はとても悲しい表情をしている。,She has a very sad expression.
中学校,ちゅうがっこう,junior high school pupil,弟は中学校に通っています。,My younger brother goes to junior high school.
ガス,ガス,gas,家にはガスコンロがあります。,There is a gas stove in the house.
祈る,いのる,to pray; to wish,人々は平和を祈っています。,People are praying for peace.
盛ん,さかん,"prosperous, active, thriving",その会社はとても盛んなビジネスを展開している。,That company is conducting very active business.
アルバイト,アルバイト,part-time job,大学生は週末にアルバイトをします。,College students work part-time jobs on weekends.
起こす,おこす,to wake (someone) up,朝早くに誰かを起こすのは難しい。,It's difficult to wake someone up early in the morning.
致す,いたす,-- extra-modest expression for する --,申し訳ございません、申し上げます。,"I'm very sorry, I will express it."
噛む,かむ,"to bite, to chew",硬い食べ物を噛むといいです。,It's good to chew hard food.
赤ちゃん,あかちゃん,"baby, infant",その可愛い赤ちゃんの笑顔が好きです。,I love the smile of that cute baby.
浅い,あさい,"shallow, superficial",この川は浅いので危険です。,"This river is shallow, so it's dangerous."
嘘,うそ,lie,嘘をつくことは良くありません。,It's not good to tell lies.
小説,しょうせつ,novel,その小説はとても面白かったです。,That novel was very interesting.
親,おや,a parent,母親と父親はとても親切です。,Mothers and fathers are very kind.
それに,それに,moreover; besides,昨日は雨が降って、それに風も強かった。,"It rained yesterday, and besides that, the wind was strong."
西洋,せいよう,"the West, Western countries",西洋の文化に興味があります。,I am interested in Western culture.
思う,おもう,"to think, to feel",彼は私を信じていると思います。,I think he trusts me.
パート (タイム),パート (タイム),part time (esp. female part time employees),彼女は週末にパートをします。,She works a part-time job on weekends.
時代,じだい,"age, period, epoch, era",昭和時代にはたくさんの変化がありました。,There were many changes in the Showa era.
申し上げる,もうしあげる,"(humble)to say, to tell",お詫び申し上げます。,I offer my apologies.
～式,～しき,~ ceremony; ~ style,結婚式に出席しました。,I attended a wedding ceremony.
出席,しゅっせきする,attendance,授業の出席は必要です。,Attendance in class is required.
～家,～か,person who is specialized in ~,医者は病院で働く人です。,A doctor is a person who works in a hospital.
迎える,むかえる,to welcome; to meet; to greet,友達を空港で迎える。,To welcome a friend at the airport.
触る,さわる,"to touch, to feel",犬に触らないでください。,Please do not touch the dog.
建て,～だて,"~ storied, separate housing",新しい家を建てる予定です。,Planning to build a new house.
社長,しゃちょう,president of a company,彼は会社の社長です。,He is the president of the company.
動物園,どうぶつえん,zoo,週末に動物園に行きます。,I will go to the zoo on the weekend.
捕まえる,つかまえる,"to catch, to arrest",泥棒を捕まえる。,To catch a thief.
季節,きせつ,season (in reference to weather),四季の中で、夏が一番好きです。,"Among the seasons, I like summer the most."
寄る,よる,to stop by,帰り道に友達の家に寄る。,To stop by a friend's house on the way home.
決まる,きまる,to be set; fixed (v.i.),明日の予定が決まりました。,Tomorrow's schedule has been set.
開く,ひらく,to open; to hold (an event),明日、展示会を開きます。,To hold an exhibition tomorrow.
逃げる,にげる,"to escape, to run away",危険から逃げる。,To escape from danger.
だから,だから,so; therefore,遅刻した、だから急いで行きます。,"I'm late, so I will hurry."
残念,ざんねん,regret; regrettable,試験に落ちて残念だった。,I was disappointed to fail the exam.
畳,たたみ,tatami mat (Japanese straw mat),和室に畳を敷いています。,There are tatami mats in the Japanese-style room.
丁寧,ていねい,"polite, courteous, careful",店員が丁寧に対応してくれた。,The store clerk treated me politely.
地理,ちり,geography,地理の授業が好きです。,I like geography class.
さっき,さっき,a little while ago,さっき食事をしたばかりです。,I just had a meal a little while ago.
怖い,こわい,"scary, frightening",夜中に怖い夢を見た。,I had a scary dream in the middle of the night.
包む,つつむ,"to wrap, to cover",プレゼントを包む。,To wrap a gift.
なるべく,なるべく,"if possible, as much as possible",なるべく早く返事をください。,Please respond as soon as possible.
無理,むり,"unreasonable, impossible",その仕事は私には無理です。,That task is impossible for me.
サンドイッチ,サンドイッチ,sandwich,昼食にサンドイッチを食べる。,To eat a sandwich for lunch.
会議室,かいぎしつ,conference room,新しい会議室が完成しました。,The new conference room has been completed.
品物,しなもの,goods,店で品物を選んで購入した。,Selected and purchased goods at the store.
人形,にんぎょう,"doll, figure",子供が人形で遊んでいる。,The child is playing with a doll.
利用,りよう,"use, utilization",電車を利用して会社に行く。,To go to work by using the train.
飾る,かざる,"to decorate, to adorn",クリスマスツリーを飾る。,To decorate the Christmas tree.
止める,とめる,to stop (something),雨が降っているのでピクニックを止めた。,Stopped the picnic because it's raining.
恥ずかしい,はずかしい,"ashamed, embarrassed",失敗してとても恥ずかしかった。,I was very embarrassed by the mistake.
いくら～ても,いくら～ても,however much one may ~,いくら勉強しても試験に落ちる。,"No matter how much I study, I fail the exam."
用事,ようじ,business to take care of; tasks; errands,用事がたくさんあって忙しい。,Busy with lots of errands to take care of.
ビル,ビル,(abbr.) building,ビルの最上階に事務所がある。,There is an office on the top floor of the building.
けんかする,けんかする,quarrel,兄弟がけんかしている。,Siblings are quarreling.
頑張る,がんばる,"to try one's best, to try hard, to persist",試験のために頑張って勉強する。,Studying hard for the exam.
投げる,なげる,"to pitch, to cast away",ボールを投げる。,To throw a ball.
故障,こしょうする,breakdown,車のエンジンが故障した。,The car engine broke down.
力,ちから,"strength, power",力を合わせて目標を達成する。,To achieve the goal by combining forces.
受ける,うける,"to take (an examination, interview, etc.); to receive",インタビューを受ける。,To have an interview.
気分,きぶん,"feeling, mood",今日の気分はとても良いです。,Today's mood is very good.
間違える,まちがえる,to make a mistake,宿題を間違えてしまいました。,I made a mistake on my homework.
そんな,そんな,"such, like that, that sort of",そんなことをしてはいけません。,You should not do such a thing.
星,ほし,star,夜空にはたくさんの星が輝いている。,Many stars are shining in the night sky.
場合,ばあい,"case, situation",その場合、何をすればいいですか？,"In that case, what should I do?"
やっと,やっと,"at last, finally",やっと夢を叶えることができました。,I finally achieved my dream.
足りる,たりる,to be sufficient; to be enough,食材が足りないので、買いに行かなければならない。,"We don't have enough ingredients, so we need to go buy some."
行う,おこなう,to carry out; to conduct (typically used in written language),明日会議を行います。,We will conduct a meeting tomorrow.
ぶどう,ぶどう,grapes,デザートに甘いぶどうを食べました。,I ate sweet grapes for dessert.
無くなる,なくなる,"to disappear, to get lost",財布が無くなってしまいました。,I lost my wallet.
準備,じゅんびする,prepare,試験の準備をしっかりとしてください。,Please prepare well for the exam.
世界,せかい,world,旅行で世界中を回りたいです。,I want to travel around the world.
住所,じゅうしょ,address; place of residence,新しい住所を教えてください。,Please tell me your new address.
再来月,さらいげつ,the month after next,再来月、旅行に行く予定です。,I plan to go on a trip the month after next.
林,はやし,"woods, forest",近くに大きな林があります。,There is a large forest nearby.
倍,ばい,double,これは私の給料の倍です。,This is double my salary.
痩せる,やせる,to lose weight,ダイエットが成功して、体重が減ってきました。,"My diet is successful, and I'm losing weight."
線,せん,"line, wire",地図の線を辿って目的地にたどり着いた。,I followed the lines on the map and reached my destination.
戦争,せんそう,war,戦争は悲惨な結果をもたらします。,War brings about tragic consequences.
決める,きめる,to decide (v.t.),今日は何を食べるか決めていません。,I haven't decided what to eat today.
調べる,しらべる,to check; to look up; to inquire; to search,情報を調べてから判断したいと思います。,I want to investigate the information before making a decision.
寝坊,ねぼう,sleeping in late,今朝は寝坊して遅刻してしまった。,I overslept this morning and ended up being late.
パパ,パパ,"papa, daddy",パパと一緒に遊ぶのは楽しいです。,Playing with dad is fun.
光る,ひかる,"to shine, to glitter",満月が空に光っている。,The full moon is shining in the sky.
夫,おっと,husband,夫はとても優しい人です。,My husband is a very kind person.
雲,くも,cloud,青空に白い雲が浮かんでいる。,White clouds are floating in the blue sky.
坂,さか,"slope, hill",山の坂を上るのは大変です。,It's hard to climb the slope of the mountain.
～(て) しまう,～(て) しまう,to end up ~,彼女はつい怒ってしまった。,She ended up getting angry.
飛行場,ひこうじょう,airport,新しい飛行場が建設されました。,A new airport has been built.
柔道,じゅうどう,judo,子供の頃、柔道を練習していました。,I practiced judo when I was a child.
決して,けっして,never,友達を裏切ることは決してしたくありません。,I never want to betray my friends.
事務所,じむしょ,office,新しい事務所がオープンしました。,The new office has opened.
連絡,れんらく,"communication, contact, connection",大切な連絡が途絶えてしまった。,Important communication has been cut off.
小学校,しょうがっこう,elementary school,小学校の頃、友達と遊ぶのが楽しかった。,Playing with friends was fun in elementary school.
客,きゃく,"guest, customer",今日のお客様はとても親切でした。,Today's customer was very kind.
昔,むかし,old days; past,昔、この場所で遊んだことがあります。,I used to play in this place in the old days.
美しい,うつくしい,"beautiful, lovely",彼女は美しい花を持っていました。,She had beautiful flowers.
捨てる,すてる,"throw away (trash), dump, discard",使わなくなったものは捨てるべきです。,Things that are no longer used should be thrown away.
なさる,なさる,-- honorific expression for する --,上司の指示に従い、お手伝いをさせていただきます。,I will assist as per the instructions of my supervisor.
事,こと,"thing(s), matter(s), fact",事を荒立てない方がいい。,It's better not to make a fuss about it.
どんどん,どんどん,quickly and steadily; at a rapid pace,彼はどんどん走っていった。,He ran quickly and steadily.
試合,しあい,"match, game, competition",サッカーの試合に勝つ。,To win a soccer match.
適当,てきとう,"fitness, suitability",この場所には適当な家が建つだろう。,A suitable house will be built in this location.
素晴らしい,すばらしい,wonderful; terrific,素晴らしい景色を見る。,To see a wonderful view.
美術館,びじゅつかん,"art gallery, art museum",美術館で素晴らしい絵を見た。,I saw wonderful paintings at the art museum.
文法,ぶんぽう,grammar,日本語の文法を学ぶ。,To study Japanese grammar.
終わり,おわり,end,映画の終わりに泣いた。,I cried at the end of the movie.
壁,かべ,wall,壁に絵をかける。,To hang a picture on the wall.
一度,いちど,"once, one time",この本を一度読んでみてください。,Please try reading this book once.
お礼,おれい,expression of gratitude; thanking; gift of appreciation; bow,お礼を言う。,To say thank you.
親切,しんせつ,kindness,彼はとても親切だ。,He is very kind.
知らせる,しらせる,to notify,早く彼に知らせなければなりません。,I must notify him quickly.
歯医者,はいしゃ,dentist,歯医者に行く予定です。,I have plans to go to the dentist.
熱心,ねっしん,enthusiasm,彼は熱心な学生だ。,He is an enthusiastic student.
始める,はじめる,"to start, to begin",新しいプロジェクトを始める。,To start a new project.
もらう,もらう,to receive,プレゼントをもらった。,I received a present.
泣く,なく,to cry,悲しい映画を見て泣いた。,I cried while watching a sad movie.
治る,なおる,to get better; to recover from illness (v.i.),体が少しずつ治っています。,My body is getting better little by little.
熱,ねつ,"fever, temperature",彼は高熱がでています。,He has a high fever.
お祭り,おまつり,festival,秋祭りに出かける。,To go out to the autumn festival.
水道,すいどう,"water service, water line",この家には便利な水道がある。,This house has a convenient water service.
匂い,におい,"odor, smell",美しい花の匂いがする。,The smell of beautiful flowers.
ベル,ベル,bell,学校のベルが鳴った。,The school bell rang.
赤ん坊,あかんぼう,baby,赤ん坊が元気に笑う。,The baby laughs happily.
おかしい,おかしい,strange; odd; funny,彼の言動がおかしい。,His behavior is strange.
事故,じこ,accident,交通事故にあう。,To have a traffic accident.
変,へん,"strange, odd",その猫の行動は変だ。,The behavior of that cat is strange.
辞典,じてん,"encyclopedia, reference book",彼の辞典の使い方が上手だ。,He is good at using dictionaries.
残る,のこる,"to remain (v.i.), to be left",問題はまだ残っている。,The problem still remains.
立てる,たてる,"to stand (something) up, to erect (something)",旗を立てる。,To raise a flag.
くれる,くれる,"to give, to do for",友達が素敵なプレゼントをくれた。,My friend gave me a lovely present.
～員,～いん,member of ~,学生会の会員になる。,To become a member of the student council.
原因,げんいん,"cause, origin, source",この問題の原因を突き止める。,To identify the cause of this problem.
驚く,おどろく,"to be surprised, to be astonished",出席者が多いことに驚いた。,I was surprised by the large number of attendees.
いただく,頂く,-- extra-modest expression for たべる and のむ; humble expression for もらう --,お茶をいただきます。,I will have tea.
祖母,そぼ,grandmother,祖母の家で過ごす。,To spend time at grandmother's house.
場所,ばしょ,"place, location",新しい場所に移動する。,To move to a new location.
答,こたえ,"answer, response",質問に素早く答える。,To quickly answer the question.
もちろん,もちろん,"certainly, of course",もちろん協力する。,"Of course, I will cooperate."
漬ける,つける,"to soak, to moisten, to pickle",漬け物を作る。,To make pickles.
受付,うけつけ,reception(ist) desk,受付に行って、パンフレットをもらいました。,I went to the reception desk and got a pamphlet.
内,うち,"within, inside",家の中に猫がいます。,There is a cat inside the house.
スクリーン,スクリーン,screen,映画を見るとき、スクリーンが大きい方がいいです。,"When watching a movie, a big screen is better."
増える,ふえる,"to increase, to multiply",友達が増えて、賑やかになりました。,"My friends increased, and it became lively."
または,または,"or, otherwise",コーヒーまたは紅茶、どちらが好きですか？,Do you like coffee or tea?
けがする,けがする,"injury (to animate object), hurt",スポーツで足をけがしました。,I injured my leg while playing sports.
以下,いか,"less than, below",以下の商品は売り切れました。,The following products are sold out.
選ぶ,えらぶ,to choose; to select,メニューから好きなものを選んでください。,Please choose your favorite item from the menu.
～ばかり,～ばかり,"just did ~, only",昨日からずっと雨が降っているばかりです。,It has been raining constantly since yesterday.
心,こころ,"heart, mind",心が穏やかになる音楽を聴きます。,I listen to music that calms my heart.
～だす,～だす,to start doing ~,掃除を始めだすと、つい長くなってしまいます。,"Once I start cleaning, it tends to take a long time."
サラダ,サラダ,salad,昼食に新鮮なサラダを食べました。,I had a fresh salad for lunch.
届ける,とどける,to deliver (v.t.),手紙をポストに届けました。,I delivered the letter to the postbox.
挨拶,あいさつする,greet(ing),朝、出勤する際に同僚に挨拶をする。,I greet my colleagues when I arrive at work in the morning.
景色,けしき,"scenery, landscape",山の上からの景色は美しいです。,The view from the top of the mountain is beautiful.
確か,たしか,"if I remember correctly; certain, definite",確かにその情報は本当です。,That information is definitely true.
ステーキ,ステーキ,steak,誕生日にステーキを食べに行きたい。,I want to go eat steak on my birthday.
食料品,しょくりょうひん,"foodstuff, groceries",週末に必要な食料品を買いにスーパーへ行く。,I go to the supermarket to buy the necessary groceries for the weekend.
森,もり,forest,大きな森の中を散歩するのが好きです。,I like taking walks in the big forest.
以内,いない,"within, less (no more) than",予定よりも10分以内に着きます。,I will arrive within 10 minutes of the scheduled time.
予定,よてい,"plans, arrangement, schedule",来週の予定をスケジュール帳に書いてください。,Please write next week's schedule in the planner.
オーバー,オーバー,"overcoat; over, exceeding, exaggeration",服がサイズオーバーで大きかった。,The clothes were oversized and too big.
乾く,かわく,to get dry,雨が止んで洗濯物が乾く。,The rain stopped and the laundry dried.
石,いし,stone,川の中にきれいな石がたくさんあります。,There are many beautiful stones in the river.
思い出す,おもいだす,"to recall, to remember",久しぶりに昔の友達を思い出しました。,I remembered an old friend after a long time.
踊る,おどる,to dance,パーティーで楽しく踊りました。,I danced joyfully at the party.
細かい,こまかい,"small; fine, minute",料理の味付けは細かい調整が必要です。,The seasoning of the dish requires careful adjustment.
塗る,ぬる,"to paint, to plaster",壁を白く塗ることで部屋が明るくなります。,Painting the walls white brightens up the room.
ご主人,ごしゅじん,"(your, her) husband",ご主人が美味しい夕食を作ってくれました。,My husband made a delicious dinner.
珍しい,めずらしい,"unusual, rare",その店は珍しい商品を扱っています。,That store deals with unusual products.
用,よう,"errand, task, business (to take care of)",用事をすぐ終えて、映画に行きましょう。,Let's finish our tasks quickly and go watch a movie.
公務員,こうむいん,"government worker, public servant",公務員は国の仕事をしています。,Government workers do jobs for the country.
お嬢さん,おじょうさん,(someone's) daughter (polite),そのお嬢さんは上品で礼儀正しいですね。,That young lady is elegant and well-mannered.
用意,ようい,preparation,旅行の準備をする時、必要なものが全部揃っています。,"When preparing for a trip, all the necessary items are ready."
探す,さがす,"to search, to seek, to look for",失くした鍵を探すのに時間がかかりました。,It took time to search for the lost key.
形,かたち,shape,この建物の形がとてもユニークです。,The shape of this building is very unique.
運転,うんてんする,driving,新しい車の運転を楽しみにしています。,I am looking forward to driving the new car.
すっかり,すっかり,"all, completely",夏休み中にリフレッシュできて、すっかり元気になりました。,I was able to refresh during the summer vacation and became completely energetic.
アナウンサー,アナウンサー,announcer,テレビのアナウンサーの声が聞こえます。,I can hear the voice of the TV announcer.
お土産,おみやげ,souvenir,友達に旅行のお土産を買いました。,I bought souvenirs for my friends from the trip.
消しゴム,けしゴム,eraser,机の上に消しゴムがあります。,There is an eraser on the desk.
旅館,りょかん,a Japanese inn,町にはたくさんの旅館があります。,There are many Japanese inns in the town.
海岸,かいがん,"coast, seashore",海岸で波の音を聞きながら散歩するのが好きです。,I like to take a walk along the coast listening to the sound of the waves.
寂しい,さびしい,"lonely, lonesome",彼女が留学先で寂しいと言っていました。,She said she felt lonely while studying abroad.
火,ひ,fire,寒い夜には暖炉の火が心地よい。,The fire in the fireplace is cozy on a cold night.
育てる,そだてる,to raise (v.t.); to bring up,親は子供を健康に育てることが大切だと考えています。,Parents believe that raising children healthily is important.
味噌,みそ,"miso, bean paste",味噌汁は日本人にとって重要な食べ物です。,Miso soup is an important dish for Japanese people.
お祝い,おいわい,"congratulation, celebration",友達の誕生日にお祝いのカードを贈りました。,I sent a celebration card for my friend's birthday.
乗り物,のりもの,vehicle,新幹線は日本でよく利用される乗り物の1つです。,The Shinkansen is one of the commonly used vehicles in Japan.
案内,あんないする,"information, guidance",観光地で観光案内所から地図をもらいました。,I got a map from the tourist information center at the tourist spot.
通う,かよう,to go back and forth; to commute,毎日大学に通っています。,I commute to the university every day.
連れる,つれる,"to lead, to take (a person)",彼は私をパーティーに連れて行ってくれました。,He took me to the party.
技術,ぎじゅつ,"technique, technology, skill",この会社は最新の技術を取り入れています。,This company incorporates the latest technology.
小鳥,ことり,small bird,公園で小鳥がさえずっています。,There are small birds chirping in the park.
下宿,げしゅく,"lodging, boarding house",留学生は下宿を見つけるのに苦労することがあります。,Foreign students may have difficulty finding a boarding house.
ジャム,ジャム,jam,トーストにジャムを塗って食べます。,I eat toast with jam spread on it.
招待,しょうたいする,invitation,友人たちを家に招待してパーティーを開きました。,I invited my friends to my house and threw a party.
鏡,かがみ,mirror,部屋に大きな鏡がかかっています。,There is a large mirror hanging in the room.
はず,はず,it should be so,電車はもう来ているはずです。,The train should be coming already.
法律,ほうりつ,law,法律をよく守ることは社会生活において重要です。,Adhering to the laws is important in society.
進む,すすむ,"to advance, to proceed",前に進む勇気を持ちましょう。,Let's have the courage to move forward.
楽む,たのしむ,to enjoy,週末は友達と一緒に楽しんでいます。,I enjoy spending time with friends on weekends.
貿易,ぼうえき,trade,国際間での貿易は経済にとって重要です。,International trade is important for the economy.
反対,はんたい,"oppose, opposition, resistance",彼の提案に対して多くの人が反対していました。,Many people opposed his proposal.
おる,おる,-- extra-modest expression for いる --,昔ながらの言い方では、猫がおるという。,"In the old-fashioned way of speaking, they say 'there is a cat.'"
申す,もうす,-- extra-modest (humble) expression for 言う (いう) --,お客様が挨拶するときには『申します』と言います。,"When customers greet, they say 'mōshimasu.'"
試験,しけん,an exam,来週の試験のために勉強する時間が欲しいです。,I wish I had more time to study for next week's exam.
真面目,まじめ,"diligent, serious",真面目に働く人はよく信頼されます。,People who work diligently are often trusted.
ごらんになる,,-- honorific expression for みる --,先生、これをごらんになってください。,"Teacher, please look at this."
店員,てんいん,clerk; shop-employee,あの店員さんはとても親切ですね。,"That shop clerk is very kind, isn't he?"
泊まる,とまる,to stay (over night) (v.i.),旅先でお泊まりするホテルを予約しました。,I've booked a hotel to stay overnight on my trip.
よろしい,よろしい,"(hon.) good, OK, all right",了解です、その内容でよろしいです。,"Understood, it's fine with that content."
今夜,こんや,"this evening, tonight",今夜はテレビで好きな番組を見る予定です。,I plan to watch my favorite TV show tonight.
おつり,おつり,change; balance of money returned to the purchaser,レジでおつりをもらいました。,I received change at the register.
チェックする,チェックする,check,作業が終わったら、ご自分の作業にミスがないかチェックしてください。,"After finishing the task, check to make sure there are no mistakes in your work."
会話,かいわ,conversation,新しい友達と楽しい会話をした。,I had a fun conversation with a new friend.
空気,くうき,"air, atmosphere",自然公園に行くと、空気がとてもきれいです。,"When you go to a nature park, the air is very clean."
交通,こうつう,"traffic, transportation",この市では公共交通機関の利用が便利です。,"In this city, it's convenient to use public transportation."
ワープロ,ワープロ,word processor,日本の田中さんはワープロを使っています。,Mr. Tanaka in Japan uses a word processor.
喜ぶ,よろこぶ,"to rejoice, to be delighted, to be glad",友達が喜んでくれると嬉しいです。,I am happy when my friends are delighted.
急行,きゅうこう,express train or bus,急行列車は速いです。,The express train is fast.
皆,みな,everyone,皆さん、こんにちは！,Hello everyone!
味,あじ,"flavor, taste",この料理の味はとても美味しいです。,The flavor of this dish is very delicious.
空港,くうこう,airport,今日、空港に行きます。,I am going to the airport today.
手袋,てぶくろ,glove(s),手袋を買う必要があります。,I need to buy gloves.
校長,こうちょう,"principal, headmaster",校長先生はとても親切です。,The principal is very kind.
ごちそう,ごちそう,"feast, treating (someone)",友達をごちそうする予定です。,I plan to treat my friends.
踊り,おどり,dance,彼女は美しい踊りを踊ります。,She dances a beautiful dance.
興味,きょうみ,interest (in something),映画に興味があります。,I am interested in movies.
引っ越す,ひっこす,to move to a new place of residence,来月、新しいアパートに引っ越します。,"Next month, I will move to a new apartment."
冷房,れいぼう,"cooling, air conditioning",夏は冷房が必要です。,Air conditioning is necessary in summer.
都合,つごう,"circumstances, convenience",都合が悪い場合、お知らせください。,"If it is inconvenient, please let me know."
遠慮,えんりょする,"restraint, reserve, hesitate",遠慮なくおっしゃってください。,Please don't hesitate to speak.
亡くなる,なくなる,to pass away,祖父がこの春亡くなりました。,My grandfather passed away this spring.
科学,かがく,science,科学の授業が好きです。,I like science class.
はっきり,はっきり,"clearly, distinctly",はっきり言ってください。,Please speak clearly.
差し上げる,さしあげる,-- humble expression for あげる --,お手伝いを差し上げます。,I will help you.
気持ち,きもち,"feeling, sensation, mood",彼女の気持ちを理解したいです。,I want to understand her feelings.
祖父,そふ,grandfather,祖父はとても優しい人です。,My grandfather is a very kind person.
港,みなと,"harbor, port",港町で生まれました。,I was born in a port town.
予約,よやく,reservation,レストランの予約を取りました。,I made a reservation at the restaurant.
凄い,すごい,"terrific, great",彼は凄いサッカー選手です。,He is an amazing soccer player.
入学,にゅうがくする,entry to school or university,来年、大学に入学します。,I will enter university next year.
片付ける,かたづける,"to (clean) tidy up (v.t.), to put away",部屋を片付ける必要があります。,I need to tidy up the room.
写す,うつす,to copy (v.t.); to photograph,写真を写します。,I will take a photograph.
パソコン,パソコン,(personal) computer,新しいパソコンを買いました。,I bought a new computer.
部長,ぶちょう,department (division) manager,今日、部長と会議があります。,There is a meeting with the department manager today.
火事,かじ,fire,火事のニュースを見ました。,I saw news about a fire.
足す,たす,to add (numbers),数を足す練習をします。,I will practice adding numbers.
教会,きょうかい,church,日曜日に教会に行きます。,I go to church on Sundays.
彼ら,かれら,they (usually male),彼らは仲良しですね。,"They get along well, don't they?"
一杯,いっぱい,"full, to the utmost",お茶を一杯飲みましょう。,Let's have a cup of tea.
アメリカ,アメリカ,"America, U.S.A.",アメリカに留学したいです。,I want to study in America.
男性,だんせい,man; male,男性モデルが雑誌に載っています。,Male models are featured in the magazine.
理由,りゆう,reason,理由を教えてください。,Please tell me the reason.
生産,せいさんする,production; to produce,この工場は製品を生産しています。,This factory produces products.
着物,きもの,kimono; Japanese traditional dress,着物を着るのは楽しいです。,It's fun to wear a kimono.
おもちゃ,おもちゃ,a toy,子供たちにおもちゃを買いました。,I bought toys for the children.
暮れる,くれる,"to get dark, to come to an end",夕暮れ時、散歩に行きたいです。,I want to take a walk at dusk.
釣る,つる,to fish,友達と一緒に釣りに行きます。,I will go fishing with my friends.
～ちゃん,～ちゃん,suffix for familiar (female) person,彼女はリサちゃんと呼ばれています。,She is called Lisa-chan.
打つ,うつ,"to hit, to strike",彼はボールを打ちました。,He hit the ball.
あんな,あんな,"such, like that",あんなに優しい人は滅多にいない。,There are not many people as kind as that.
謝る,あやまる,to apologize,彼は謝って許してもらった。,He apologized and was forgiven.
昼間,ひるま,"daytime, during the day",昼間は忙しいです。,I'm busy during the day.
教育,きょういく,education,教育は重要です。,Education is important.
女性,じょせい,woman,彼女は素敵な女性です。,She is a lovely woman.
米,こめ,uncooked rice,ご飯に米を使います。,We use rice for meals.
邪魔,じゃま,"hindrance, intrusion",彼は私の邪魔をします。,He is in my way.
国際,こくさい,international,国際的な問題に取り組む。,Address international issues.
隅,すみ,corner,部屋の隅に本棚があります。,There is a bookshelf in the corner of the room.
伺う,うかがう,"humble form of 行く (いく), 聞く (きく) and 来る (くる)",おじいさんにご機嫌を伺いました。,I asked my grandfather how he was.
再来週,さらいしゅう,the week after next,再来週は友達と映画に行く予定です。,I plan to go to the movies with my friend the week after next.
夢,ゆめ,a dream,夢を追うことは素晴らしいことです。,Chasing your dreams is a wonderful thing.
喉,のど,throat,喉が渇いた。,I'm thirsty.
最近,さいきん,"recently, nowadays, in recent years, most recent, latest",最近、忙しいです。,I've been busy lately.
周り,まわり,surroundings,周りを見てから行動する。,Look around before taking action.
歴史,れきし,history,日本の歴史を勉強する。,Study Japanese history.
不便,ふべん,inconvenience,この場所は不便です。,This place is inconvenient.
血,ち,blood,傷口から血が出ています。,Blood is coming out of the wound.
～続ける,～つづける,to continue doing ~,彼は努力を続けました。,He continued his efforts.
毛,け,"hair, fur",この猫の毛は柔らかい。,The fur of this cat is soft.
ひどい,ひどい,"terrible, awful, unfair, cruel",その暴力的な映画はひどいです。,That violent movie is terrible.
例えば,たとえば,"for example, e.g.",例えば、りんごが好きです。,"For example, I like apples."
中々,なかなか,"very, considerably, quite",中々良い仕事をしました。,You did quite a good job.
随分,ずいぶん,extremely,彼女は随分優秀な学生です。,She is an extremely talented student.
～やすい,～やすい,easy to do ~,この問題は解決しやすいです。,This problem is easy to solve.
押し入れ,おしいれ,closet,押し入れに収納スペースがあります。,There is storage space in the closet.
電灯,でんとう,electric light,部屋に電灯があります。,There is an electric light in the room.
叱る,しかる,to scold,彼は子供たちを叱りました。,He scolded the children.
サンダル,サンダル,sandal,夏になるとサンダルを履きます。,I wear sandals in the summer.
びっくりする,びっくりする,to be surprised,彼のサプライズプレゼントにびっくりしました。,I was surprised by his surprise gift.
うまい,うまい,delicious; skillful; fortunate,この料理はとてもうまいです。,This dish is very delicious.
変える,かえる,"to change, to alter, to vary",考え方を変えることは重要です。,It's important to change your way of thinking.
講堂,こうどう,auditorium,講堂で学生たちは演説を行った。,The students gave speeches in the auditorium.
子,こ,child,彼女は可愛い子供を持っています。,She has a cute child.
沸かす,わかす,to boil,お湯を沸かしてください。,Please boil some water.
レジ,レジ,register,お店のレジで買い物をします。,I shop at the register in the store.
しばらく,しばらく,little while,しばらくお待ちください。,Please wait a moment.
特に,とくに,particularly,特に問題はありません。,There are no particular issues.
空く,あく,"to open, to become empty (vacant)",コンビニのレジが空いている。,The cash register at the convenience store is empty.
計画,けいかくする,"plan, project, schedule",来年の旅行計画を立てる。,To make a plan for next year's trip.
通り,とおり,"~ Street, ~ Avenue",表参道は有名な通りです。,Omotesando is a famous street.
下着,したぎ,underwear,新しい下着を買う。,To buy new underwear.
経済,けいざい,"economics, finance, economy",世界経済の動向を分析する。,To analyze the trends of the world economy.
こう,こう,"like this, this way",こうして問題を解決しましょう。,Let's solve the problem like this.
是非,ぜひ,"certainly, by all means; without fail",是非参加してください。,Please definitely participate.
裏,うら,"reverse side, back",裏口から入る。,To enter from the back door.
為,ため,"good, advantage, in order to",困っている人のために尽力する。,To do one's best for people in need.
おいでになる,おいでになる,(hon.) to be,先生がおいでになりました。,The teacher has arrived (hon.).
変わる,かわる,"to change (v.i.), to be transformed, to vary",季節が変わる。,The season changes.
以外,いがい,"other than, with the exception of, excepting",仕事以外に趣味も持っています。,I have hobbies other than work.
済む,すむ,"to finish, to end",試験が済んだ。,The exam is over.
ハンバーグ,ハンバーグ,hamburger steak,今日のランチはハンバーグです。,Today's lunch is hamburger steak.
市,し,city,大阪市に住んでいます。,I live in Osaka City.
引き出し,ひきだし,drawer,机の引き出しにペンが入っている。,There is a pen in the desk drawer.
遊び,あそび,play,子供たちが公園で遊んでいる。,The children are playing in the park.
支度,したくする,preparation,旅行の支度をする。,To prepare for a trip.
～始める,～はじめる,to start doing ~,新しい仕事を始める。,To start a new job.
見える,みえる,to be visible; -- polite verb meaning 来る (くる) --,景色がよく見えます。,The scenery looks good.
十分,じゅうぶん,enough,今の状況は十分だ。,The current situation is sufficient.
音,おと,"sound, note",音楽を聞きながら勉強する。,To study while listening to music.
きっと,きっと,"surely, definitely, undoubtedly, certainly",彼はきっと成功するだろう。,He will surely succeed.
まず,まず,"first (of all), to start with",まず問題を解決しましょう。,"First, let's solve the problem."
遠く,とおく,"far away, distant",星が遠くに見える。,The stars are visible in the distance.
大体,だいたい,approximately; in most cases; in general; to begin with (same as もともと),大体のことは分かりました。,I understand the general idea.
折れる,おれる,"to break, to be folded, to give in; to turn (a corner)",枝が風で折れた。,The branch broke in the wind.
正しい,ただしい,correct,正しい答えを教えてください。,Please tell me the correct answer.
輸入,ゆにゅう,import,日本へ車を輸入する。,To import cars to Japan.
返事,へんじ,"reply, answer",友達から返事が来た。,I received a reply from my friend.
都,と,metropolitan,東京都に住んでいます。,I live in Tokyo Metropolis.
産業,さんぎょう,industry,自動車産業が発展している。,The automobile industry is developing.
伝える,つたえる,"to convey (a message); to tell, to report",大事なことを伝える。,To convey important information.
お金持ち,かねもち; おかねもち,rich person,彼はお金持ちです。,He is a wealthy person.
説明,せつめい,explanation,詳しく説明してください。,Please explain in detail.
島,しま,island,南の島に行きたい。,I want to go to a southern island.
道具,どうぐ,tool,料理道具を買う。,To buy cooking tools.
滑る,すべる,"to slide, to slip",滑りやすい床に気をつける。,Be careful on slippery floors.
それほど,それほど,to that degree; extent,彼の才能はそれほど高くない。,His talent is not that great.
以上,いじょう,more than; this is all,今日の説明は以上です。,That's all for today's explanation.
～まま,～まま,as it is,そのままに置いてください。,Please leave it as it is.
特急,とっきゅう,limited express (train faster than an express),特急列車が駅に到着した。,The limited express train has arrived at the station.
プレゼント,プレゼント,"present, gift",彼女にプレゼントを送りました。,I sent a present to her.
～(に) よると,～(に) よると,according to ~,予報によると、明日は雨です。,"According to the forecast, it will rain tomorrow."
妻,つま,wife (humble),彼の妻はとても優しいです。,His wife is very kind.
帰り,かえり,"return, coming back",学校から帰りにスーパーに寄りました。,I stopped by the supermarket on the way back from school.
具合,ぐあい,"condition, state, health",彼の具合が悪いようです。,It seems like he is not feeling well.
堅; 硬; 固い,かたい,"solid, hard, firm",このパンは硬いです。,This bread is hard.
駐車場,ちゅうしゃじょう,parking lot,駐車場が満車です。,The parking lot is full.
スーツ,スーツ,suit,結婚式にスーツを着ました。,I wore a suit to the wedding.
危険,きけん,"danger, risk, hazard",火事が起きたので、危険です。,It's dangerous because there's a fire.
髪,かみ,hair,彼女の髪は長いです。,Her hair is long.
天気予報,てんきよほう,weather forecast,今日の天気予報を見ましたか。,Did you check today's weather forecast?
彼女,かのじょ,girlfriend; she,私の彼女はとても美しいです。,My girlfriend is very beautiful.
間,あいだ,"space, interval",二つの建物の間に川が流れている。,A river flows between the two buildings.
卒業,そつぎょう,graduation,彼は来年大学を卒業します。,He will graduate from college next year.
それで,それで,"and (conj.), thereupon, because of that",雨が降ったので、地面が濡れました。,"It rained, so the ground got wet."
枝,えだ,"branch, twig",その木の枝に小鳥が止まっている。,A small bird is perched on the branch of that tree.
専門,せんもん,major; speciality,私は音楽の専門で勉強しています。,I am studying music as my major.
そろそろ,そろそろ,"gradually, soon",そろそろ出発しましょう。,Let's start soon.
送る,おくる,"to send, to dispatch",手紙を送るのを忘れないようにしてください。,Please make sure to not forget to send the letter.
あげる,あげる,to give,友達にプレゼントをあげました。,I gave a present to my friend.
騒ぐ,さわぐ,"to make noise, to clamor",子供たちが外で騒いでいます。,The children are making noise outside.
尋ねる,たずねる,to inquire (same as 質問する),質問があれば私に尋ねてください。,"If you have any questions, please ask me."
放送,ほうそうする,broadcasting,放送局でライブ中継が行われている。,Live broadcasting is being carried out at the broadcasting station.
政治,せいじ,politics,政治には興味がありますか。,Are you interested in politics?
市民,しみん,citizen,新しい図書館は市民のために建設されました。,The new library was built for the citizens.
ファックス,ファックス,fax,ファックスで資料を送ります。,I will send the documents by fax.
負ける,まける,"to lose (a game) (v.i.), to be defeated",サッカーの試合で負けてしまいました。,We lost the soccer game.
指輪,ゆびわ,(finger) ring,彼は彼女に指輪をプレゼントした。,He gave a ring to her as a present.
田舎,いなか,"rural, countryside",田舎では、空気がきれいです。,"In the countryside, the air is clean."
見つける,みつける,"to discover, to find (v.t.)",地図を使って目的地を見つけました。,I found the destination using the map.
高校生,こうこうせい,high school student,私は高校生です。,I am a high school student.
講義,こうぎ,a lecture,今日の講義はとても興味深いでした。,Today's lecture was very interesting.
そんなに,そんなに,"so much, like that",彼女がそんなに怒る理由がわからない。,I don't understand the reason why she gets that angry.
昼休み,ひるやすみ,"lunch break, noon recess",昼休みに図書館に行きました。,I went to the library during the lunch break.
忘れ物,わすれもの,"lost article, something forgotten",学校で忘れ物をしてしまいました。,I forgot something at school.
下りる,おりる,"to get down, to go; come down",エスカレーターで階段を下りました。,I went down the stairs on the escalator.
腕,うで,arm (in reference to body),彼は腕がとても強いです。,He has very strong arms.
訳,わけ,reason; explanation,彼の言葉の訳を手伝ってください。,Please help me translate his words.
承知,しょうちする,"consent, acceptance",お断りを承知できません。,I cannot accept the refusal.
日記,にっき,"diary, journal",毎日日記をつける。,I keep a diary every day.
高校; 高等学校,こうこう; こうとうがっこう,high school; senior high school,私は高校生です。,I am a high school student.
似る,にる,"to resemble, to be similar",彼女は母親に似ている。,She resembles her mother.
～おわる,～おわる,to finish doing ~,宿題が終わりました。,I finished my homework.
暖房,だんぼう,heating,冬は暖房をつけます。,We turn on the heating in winter.
留守,るす,absence; not at home,留守番電話を使ってください。,Please use the answering machine.
割合,わりあい,"rate, ratio, percentage",二つの数字の割合を計算する。,Calculate the ratio of two numbers.
寺,てら,Buddhist temple,その町には古い寺があります。,There is an old temple in that town.
慣れる,なれる,to grow accustomed to,新しい環境に慣れるのに時間がかかる。,It takes time to get used to a new environment.
普通,ふつう,common; usual,普通のお店で買い物をした。,I shopped at a regular store.
手伝う,てつだう,to help,友達が大雨の中手伝ってくれた。,My friend helped me in the heavy rain.
なるほど,なるほど,I see; I now understand,なるほど、その理屈は分かる。,"I see, I understand the reasoning."
くださる,くださる,"(hon.) to give, to confer",ご自由に使ってください。,Please use it freely.
息子,むすこ,(humble) son,彼の息子は医者になりたいと言っている。,His son says he wants to become a doctor.
お子さん,おこさん,(someone else's) child (polite),お子さんは元気ですか。,Is your child doing well?
会場,かいじょう,"venue, meeting place",今度のイベントは大きな会場で行われます。,The next event will be held at a large venue.
笑う,わらう,"to laugh, to smile",友達と楽しく笑って過ごした。,I spent a fun time laughing with friends.
運ぶ,はこぶ,"to transport, to carry",大きな荷物を運ぶのは大変だ。,It's hard to carry a large load.
文学,ぶんがく,literature,日本の文学を勉強しています。,I am studying Japanese literature.
光,ひかり,light,月の光が海に反射してきれいだった。,The moonlight reflected beautifully on the sea.
お見舞い,おみまい,"calling on someone who is ill, visit",友達のお見舞いに行った。,I visited a friend who was sick.
席,せき,a seat,結婚式の席は前の方にあります。,My seat at the wedding is towards the front.
～様,～さま,"Mr., Mrs., Ms.",山田様がお越しになりました。,Mr./Ms. Yamada has arrived.
ご存じ,ごぞんじ,"knowing, acquaintance",その詩はみなさんご存じですか。,Do you all know that poem?
下る,さがる,"to descend, to drop, to fall",坂を車で下るのは怖い。,Driving downhill on a slope is scary.
字,じ,letter; character,その字は読めない。,I can't read that character.
アジア,アジア,Asia,アジアの国々を訪れたい。,I want to visit countries in Asia.
褒める,ほめる,to praise; to say nice things,彼は上司に褒められた。,He was praised by his boss.
空く,すく,"to be empty (in reference to people), to be less crowded",電車が空いていたので座れた。,I was able to sit because the train was empty.
あ,あ,Ah,あ、もう遅い時間だ。,"Ah, it's already late."
最も,もっとも,most,最も重要な点を忘れないでください。,Don't forget the most important point.
合う,あう,"to fit, to match",この服は私に合っている。,This outfit suits me.
～代,～だい,~ age; period,今年の代表は誰ですか。,Who is the representative for this year?
最後,さいご,"last, end",映画の最後に驚く展開があった。,There was a surprising twist at the end of the movie.
値段,ねだん,price,その商品の値段は高すぎる。,The price of that product is too high.
退院,たいいんする,leaving hospital,父が明日退院する予定です。,My father is scheduled to be discharged from the hospital tomorrow.
展覧会,てんらんかい,exhibition,その美術展覧会は素晴らしかった。,The art exhibition was wonderful.
久しぶり,ひさしぶり,it has been a long time; for the first time in a long time,彼に久しぶりに会えて嬉しかった。,I was happy to see him after a long time.
カーテン,カーテン,curtain,カーテンを開けて外の景色を楽しむ。,Open the curtains and enjoy the view outside.
汽車,きしゃ,train (steam),汽車を待っています。,I am waiting for the steam train.
遅れる,おくれる,to (be) become late,電車が遅れています。,The train is running late.
見つかる,みつかる,"to be found (v.i.), to be discovered",失くした鍵が見つかりました。,The lost key has been found.
召し上がる,めしあがる,-- honorific form of 食べる (たべる) and 飲む (のむ) --,ご飯を召し上がってください。,Please eat the meal (polite).
太る,ふとる,to gain weight,最近太りました。,I have gained weight recently.
注射,ちゅうしゃ,injection,猫に注射をするのは難しい。,It's difficult to give a cat an injection.
様,よう,"way, manner, kind",その様子を見てください。,Please observe that manner.
～おき,～おき,after every ~,食事の後に歯を磨くことが大切です。～おき。,It's important to brush your teeth after meals every time.
最初,さいしょ,"beginning, first",授業の最初は自己紹介です。,Self-introduction is at the beginning of the lesson.
御～,ご～,honorable ~,御名前は何ですか？,What is your honorable name?
安心,あんしん,"peace of mind, relief",安心して眠れる。,I can sleep peacefully.
直る,なおる,to be fixed,修理に出してようやく直った。,It was finally fixed after taking it for repairs.
集める,あつめる,"to collect, to gather (v.t.), to assemble",友達の誕生日プレゼントを集めています。,I am gathering presents for my friend's birthday.
直す,なおす,to correct (v.t.); to fix,間違いを直してください。,Please correct the mistake.
続く,つづく,to be continued,物語が続いています。,The story is continuing.
先輩,せんぱい,senior members of a group,先輩にアドバイスをもらいました。,I received advice from a senior at work.
約束,やくそく,"arrangement, appointment, promise",約束を守ることが大切です。,Keeping promises is important.
世話,せわする,looking after; to look after,猫の世話をするのは楽しい。,Taking care of a cat is enjoyable.
近所,きんじょ,neighborhood,近所の人と仲良くなりたい。,I want to get along with the people in my neighborhood.
将来,しょうらい,(in the) future; prospects,将来の夢は何ですか？,What is your dream for the future?
億,おく,hundred million,その会社の価値は億単位だ。,The value of that company is in the hundreds of millions.
数学,すうがく,mathematics,数学の宿題が終わりました。,I finished the math homework.
文化,ぶんか,culture,異なる文化を学ぶことは面白い。,Learning about different cultures is interesting.
払う,はらう,to pay,レストランでお会計を払う。,To pay the bill at the restaurant.
習慣,しゅうかん,custom (in reference to culture),日本の習慣に慣れる。,To get used to Japanese customs.
焼ける,やける,"to burn, to be roasted",パンが焼けるいい香りがする。,The smell of freshly baked bread is wonderful.
君,きみ,you (informal for men),君の勇気は素晴らしい。,Your courage is amazing.
冷える,ひえる,"to grow cold, to cool down",冷たい風が吹いて体が冷えた。,My body got cold from the chilly wind.
点く,つく,"to be started, to be switched on",灯りが点いた。,The light has been turned on.
この間,このあいだ,"the other day, recently",この間、友達と映画を見ました。,"The other day, I watched a movie with friends."
格好,かっこう,"appearance, manner, shape, form, posture",彼は格好いいスーツを着ている。,He is wearing a handsome suit.
かまう,,"to mind, to care about, to be concerned about",私がすることに彼女はかまわない。,She doesn't mind what I do.
続ける,つづける,"to continue, to keep up",勉強を続けることが大切だ。,It is important to continue studying.
落す,おとす,"to drop, to lose",落としたコップを割ってしまった。,I accidentally dropped and broke the cup.
明日,あす,tomorrow,明日私たちは映画に行く予定です。,"Tomorrow, we plan to go to the movies."
出発,しゅっぱつする,departure,旅行の出発は午前8時です。,The departure for the trip is at 8 a.m.
拝見,はいけんする,"(humble) (polite) seeing, look at",絵を拝見させていただけますか？,May I have a look at the painting?
割れる,われる,to break,ガラスが割れてしまった。,The glass has been broken.
背中,せなか,back (of body),背中が痛いです。,My back is hurting.
新聞社,しんぶんしゃ,newspaper company,新聞社で働くことが夢だ。,Working at a newspaper company is my dream.
いじめる,いじめる,"to bully, to torment",彼女は学校でいじめられています。,She is being bullied at school.
回る、回す,まわる、まわす,"to go around, to revolve",地球は太陽の周りを回っています。,The Earth revolves around the sun.
～君,～くん,"Mr. (junior) ~, master ~",田中君は毎日元気です。,Mr. Tanaka is energetic every day.
おっしゃる,おっしゃる,-- honorific expression for いう --,おっしゃることを聞きたいです。,I want to hear what you say.
眠い,ねむい,"sleepy, drowsy",朝早く起きたので眠いです。,I am sleepy because I woke up early in the morning.
濡れる,ぬれる,to get wet,雨に濡れて部屋に入りました。,I got wet in the rain and entered the room.
倒れる,たおれる,"to collapse, to break down",彼は疲れて倒れました。,He collapsed from exhaustion.
スーパー (マーケット),スーパー (マーケット),supermarket,近くにスーパーがあります。,There is a supermarket nearby.
アクセサリー,アクセサリー,accessory,彼女は素敵なアクセサリーを身に着けています。,She is wearing lovely accessories.
考える,かんがえる,to think (about); to consider,この問題を考えてみましょう。,Let's think about this problem.
向かう,むかう,"to face, to go towards",彼は成功に向かって頑張っています。,He is working hard towards success.
自由,じゆう,freedom,自由な時間を楽しんでいます。,I am enjoying my free time.
仕方,しかた,way (of doing something),この仕方でうまくいきました。,It went well this way.
首,くび,neck,猫の首には鈴をつけました。,I put a bell on the cat's neck.
程,ほど,"degree, extent",彼の能力は彼の努力に似た程度です。,His ability is proportional to his effort.
代わり,かわり,"substitute, replacement",コーヒーを飲む代わりに紅茶を飲みます。,I will drink tea instead of coffee.
失敗,しっぱい,"failure, mistake",彼は大きな失敗を恐れています。,He is afraid of making a big mistake.
工業,こうぎょう,(manufacturing) industry,工業は国の発展に重要です。,Industry is important for a country's development.
移る,うつる,to move (from a house); to transfer (from a department); to shift,転校生が新しいクラスに移りました。,The transfer student moved to a new class.
スーツケース,スーツケース,suitcase,旅行のためにスーツケースを準備します。,I am preparing a suitcase for the trip.
ひげ,ひげ,beard,彼はひげを剃りました。,He shaved his beard.
研究室,けんきゅうしつ,the professor's office; laboratory,彼は研究室で新しい発見をしました。,He made a new discovery in the laboratory.
工場,こうじょう,factory,その工場は自動車を製造しています。,The factory manufactures automobiles.
紹介,しょうかい,an introduction,新入生の紹介をお願いします。,Please introduce the new students.
けれど; けれども,けれど; けれども,"but, although",天気は晴れですが、けれども風が冷たい。,"The weather is sunny, but the wind is cold."
舟,ふね,"ship, boat",川で舟に乗りました。,I rode a boat on the river.
動く,うごく,to move,機械が正しく動いています。,The machine is functioning correctly.
～(に) ついて,～(に) ついて,"about, concerning",この問題について話し合いましょう。,Let's discuss about this issue.
コンサート,コンサート,concert,昨日、美しい音楽のコンサートを聴きました。,"Yesterday, I listened to a beautiful music concert."
虫,むし,insect,夏になると虫がたくさん出てきます。,Many insects come out in the summer.
優しい,やさしい,"kind (person), gentle (person), easy (problem)",彼はとても優しい人です。,He is a very kind person.
コンピュータ; コンピューター,コンピュータ; コンピューター,computer,最新のコンピュータ技術に詳しいです。,I am knowledgeable about the latest computer technology.
植える,うえる,to plant,庭に花を植えました。,I planted flowers in the garden.
両方,りょうほう,"both sides, both parties",彼女は両方の提案を受け入れました。,She accepted both proposals.
汚れる,よごれる,to become dirty,新しい服が汚れてしまいました。,My new clothes got dirty.
水泳,すいえい,swimming,毎週水泳をして体を鍛えています。,I swim every week to keep my body fit.
経験,けいけんする,experience,海外での経験は大変貴重です。,International experience is very valuable.
勝つ,かつ,to win,彼は昨日の試合に勝ちました。,He won yesterday's match.
砂,すな,sand,ビーチで砂遊びを楽しむ。,Enjoy playing in the sand on the beach.
警察,けいさつ,police; police station,警察官は市民の安全を守ります。,Police officers protect the safety of citizens.
取り替える,とりかえる,"to exchange, to replace",アイフォンを取り替える時、新しい機種を買おうと思っています。,"When I exchange my iPhone, I'm thinking of buying a new model."
急ぐ,いそぐ,"to hurry, to be in a hurry, to rush",バスに乗る時間が迫っているので、急いでいます。,I'm hurrying because the time to catch the bus is approaching.
簡単,かんたん,simple,このレシピはとても簡単なので、誰でも作れます。,"This recipe is very simple, so anyone can make it."
参る,まいる,humble expression for 行く and 来る,お客様がもうすぐこちらに参ります。,Our guest will be coming this way soon.
全然,ぜんぜん,"not at all; wholly, entirely",昨日の試合では、全然良いプレーができませんでした。,I couldn't make any good plays at all in yesterday's game.
特別,とくべつ,special,母の誕生日に特別な贈り物を用意しました。,I prepared a special gift for my mother's birthday.
復習,ふくしゅう,"review (of lessons), revision",テスト前に復習をしっかりすることが大切です。,It's important to review thoroughly before the test.
間に合う,まにあう,to be in time for,間に合うように、早めに家を出た方がいいでしょう。,It's better to leave the house early to make it in time.
役に立つ,やくにたつ,"to be helpful, to be useful",困っている友達に役に立つアドバイスをすることができました。,I was able to give helpful advice to a friend in need.
もうすぐ,もうすぐ,very soon; in a few moments; days,春が終わり、もうすぐ夏がやってきます。,"Spring is ending, and summer is coming very soon."
真中,まんなか,"middle, center",公園の真中に大きな噴水があります。,There is a big fountain in the middle of the park.
戻る,もどる,to return (v.i.); to come back,旅行が終わり、明日帰国します。,"The trip is ending, and I will return home tomorrow."
研究,けんきゅう,"study, research, investigation",学生時代に宇宙に関する研究をしていました。,I was conducting research on space during my student days.
ケーキ,ケーキ,cake,誕生日に友達と一緒にケーキを食べました。,I ate cake with friends on my birthday.
草,くさ,grass,公園で走っていると、足に草が引っかかりました。,"While running in the park, grass got caught in my legs."
込む,こむ,to be crowded,電車が込んでいるので、立って移動しなくてはなりません。,"The train is crowded, so I have to stand and move."
この頃,このごろ,"these days, nowadays",この頃はよく雨が降っているので、室内で過ごすことが多いです。,"It has been raining a lot these days, so I spend more time indoors."
訪ねる,たずねる,to visit,友達が学校のクラブ活動を訪ねました。,My friend visited the school club activity.
下げる,さげる,to lower (v.t.); to hang,暑い日は窓を開けて、室内の温度を下げることができます。,"On hot days, you can lower the indoor temperature by opening the windows."
花見,はなみ,cherry-blossom viewing,春になると、公園で花見を楽しむ人々がたくさんいます。,"In spring, many people enjoy cherry blossom viewing in the park."
途中,とちゅう,"on the way, midway",友達と会う途中で、急用が入ってしまいました。,I had an urgent matter come up in the middle of meeting a friend.
入院,にゅういんする,hospitalization,祖母が急病のため、入院することになりました。,My grandmother had to be hospitalized due to a sudden illness.
乗り換える,のりかえる,"to transfer (trains), to change (bus, train, etc.)",駅で電車を乗り換えると、目的地に近づきます。,"When you transfer trains at the station, you get closer to your destination."
別れる,わかれる,"to part from, to separate",友達と離れて別れる時、切ない気持ちになります。,It's a sad feeling when parting ways with a friend.
～町,～ちょう,the town of ~,私の祖母は山のふもとにある小さな町に住んでいます。,My grandmother lives in a small town at the foot of the mountain.
安全,あんぜん,"safety, security",交通事故を防ぐため、運転中は安全運転を心がけましょう。,"To prevent traffic accidents, let's focus on safe driving while on the road."
看護婦,かんごふ,(female) nurse,病院で看護婦の方々にお世話になりました。,I was taken care of by the nurses at the hospital.
見物,けんぶつ,sightseeing,京都の観光名所を巡る見物ツアーに参加しました。,I joined a sightseeing tour to visit the famous spots in Kyoto.
相談,そうだんする,consultation,悩み事がある時は、友達に相談すると楽になります。,"When you have worries, talking to a friend for consultation can make you feel better."
ガソリンスタンド,ガソリンスタンド,"gas station, service station",車のガソリンがなくなりそうなので、ガソリンスタンドに寄ります。,"Since the car is running out of gas, I will stop by the gas station."
テニス,テニス,tennis,週末は友達とテニスの練習をしています。,I practice tennis with friends on the weekends.
眠る,ねむる,to sleep,疲れているので、すぐに眠ることができます。,I can sleep right away because I'm tired.
上がる,あがる,"to rise, to go up",昇給があったので、給料が上がりました。,"I got a raise, so my salary increased."
翻訳,ほんやく,translation,外国の小説を日本語に翻訳するのは難しい作業です。,It is a difficult task to translate foreign novels into Japanese.
食事,しょくじする,meal,日本の食事は食べやすく、おいしいと思います。,I think Japanese meals are easy to eat and delicious.
お陰,おかげ,thanks or owing to,友達のお陰で、困難な試練を乗り越えることができました。,"Thanks to my friends, I was able to overcome a difficult challenge."
娘,むすめ,daughter (humble),娘が学校のクラブ活動に熱心に取り組んでいます。,My daughter is actively involved in school club activities.
湯,ゆ,hot water,寒い時には温かい湯風呂に入ると、体がほっとします。,Taking a warm hot bath when it's cold makes the body feel relaxed.
競争,きょうそう,"competition, contest",ビジネス界は競争が激しいので、常に努力が必要です。,"The business world is highly competitive, so constant efforts are necessary."
会議,かいぎ,business meeting; conference,会社の会議で新商品のプレゼンテーションをする予定です。,I am scheduled to present a new product at a business meeting.
湖,みずうみ,lake,この湖は美しいです。,This lake is beautiful.
集まる,あつまる,"to gather (v.i.), to collect",友達が集まってパーティーをします。,Friends gather and have a party.
～にくい,～にくい,difficult to do ~,この問題は難しいです。,This problem is difficult.
生活,せいかつする,"living, life; to live",健康的な生活を送る。,Lead a healthy life.
糸,いと,thread,糸を使って洋服を縫う。,Sew clothes using thread.
関係,かんけい,"relation(ship), connection",二人の関係は良好です。,The relationship between the two is good.
ピアノ,ピアノ,piano,ピアノを弾くのが好きです。,I like playing the piano.
～目,～め,"number ~ sequence, ~nd; ~th",3番目の人が優勝しました。,The third person won.
番組,ばんぐみ,broadcast program,その番組は面白かったです。,That TV program was interesting.
急,きゅう,"urgent, sudden; steep",急な出来事がありました。,There was a sudden event.
棚,たな,"shelves, rack",棚に本を並べる。,Arrange books on the shelf.
木綿,もめん,cotton,夏に涼しい木綿の服を着る。,Wear cool cotton clothes in summer.
輸出,ゆしゅつする,export,日本は輸出国です。,Japan is an exporting country.
タイプ,タイプ,"type, style",このタイプの車が欲しい。,I want this type of car.
すり,すり,pickpocket,駅ですり被害が増えている。,There is an increase in pickpocketing at the station.
嬉しい,うれしい,to be happy; to be glad,良い成績を取って嬉しい。,I am happy to get good grades.
アルコール,アルコール,alcohol,アルコールを飲むのは好きではありません。,I don't like drinking alcohol.
ソフト,ソフト,soft; soft hat; software,コンピューターのソフトを更新する。,Update the computer software.
神社,じんじゃ,Shinto shrine,神社にお参りする。,Visit the Shinto shrine.
大分,だいぶ,"fairly well, to a large extent, considerably, pretty much",昨日は大分暑かったです。,It was quite hot yesterday.
楽しみ,たのしみ,"pleasure, joy",旅行の楽しみを計画する。,Plan the pleasure of the trip.
趣味,しゅみ,hobby; pastime,音楽を聴くのが趣味です。,Listening to music is a hobby.
電報,でんぽう,telegram,昔は電報がよく使われた。,Telegrams were commonly used in the past.
家内,かない,(one's own) wife,家内へのプレゼントを買う。,Buy a gift for my wife.
指,ゆび,finger,指で地図の場所を指す。,Point to the location on the map with your finger.
これから,これから,"from now on, after this",これから一緒に勉強しましょう。,Let's study together from now on.
たまに,たまに,occasionally,たまにはゆっくり休むことも大切。,It's important to take it easy and rest occasionally.
社会,しゃかい,society,社会のルールを守る。,Obey the rules of society.
